int.rate,installment,log.annual.inc,dti,fico
0.1608,35.2,10.30895266,23.84,642
0.1608,246.38,12.1521443,22.47,647
0.16,787.53,11.26446411,19.34,682
0.164,126.4,10.30895266,29.6,677
0.1482,242.05,10.71441777,19.12,652
0.1482,172.89,10.6454249,18.51,652
0.138,149.96,10.73639668,16.7,662
0.1482,311.2,11.39414193,19.34,657
0.1703,570.69,11.35510138,25.32,672
0.1324,404.03,12.20607265,21.31,697
0.1229,236.81,10.1266311,15.55,672
0.1229,250.15,10.73639668,3.03,672
0.1387,231.98,11.51292546,14.64,657
0.1387,163.75,10.77895629,9.18,652
0.1671,385.27,10.91871823,26.52,667
0.0775,156.11,11.15625052,8.81,772
0.0838,204.84,10.78931908,4,742
0.0807,136.45,11.69524702,4,742
0.0933,80.69,11.60823564,10,712
0.0933,124.62,11.49272276,10,707
0.1154,164.98,10.91508846,10,697
0.1028,164.42,11.46163217,10,702
0.0964,32.11,9.392661929,10,697
0.0996,103.2,11.91839057,10,692
0.1028,113.39,12.10071213,10,687
0.1122,211.85,10.37349118,10,687
0.0964,208.66,9.903487553,10,712
0.0996,64.5,8.699514748,10,687
0.1249,42.65,10.59663473,10,707
0.0933,95.86,9.903487553,10,712
0.0901,95.42,10.46310334,10,717
0.0775,209.18,12.22098096,1,802
0.0775,218.55,11.39075783,1,802
0.0743,155.38,11.65442503,1,802
0.1122,344.87,11.00209984,19.5,742
0.0712,30.94,10.81977828,1.1,772
0.0838,81.94,8.779557456,6.46,722
0.0743,93.23,11.28978191,0.39,797
0.0743,77.69,11.10682015,10.36,787
0.0775,156.11,12.61153775,5.38,757
0.1407,34.21,10.1266311,16.27,642
0.1091,45.78,10.59663473,8.61,672
0.1122,164.23,10.23995979,3.51,672
0.0901,38.17,10.49127422,3.27,707
0.0964,141.25,10.30895266,3.72,697
0.1059,195.28,9.903487553,12.9,697
0.0712,61.87,11.91839057,5.6,802
0.147,345.18,10.81977828,7.22,652
0.0964,61,11.51292546,10,707
0.1312,180.57,8.29404964,15,662
0.1312,202.51,9.392661929,4.4,657
0.128,67.2,9.210340372,3.48,647
0.1312,226.98,11.00209984,13.16,672
0.1501,693.45,11.28978191,3.11,672
0.1059,325.46,10.91508846,17.96,727
0.1691,142.43,11.12726298,19.62,657
0.1438,89.35,10.6454249,16.91,642
0.1091,114.44,9.61580548,11.52,682
0.1186,265.17,11.05089001,10.42,687
0.1312,135.01,10.37349118,7.91,652
0.147,345.18,11.08214255,6.37,647
0.1028,38.88,8.29404964,8.1,682
0.1249,33.45,10.37349118,5.21,652
0.1249,150.52,10.34174248,9.56,662
0.1438,61.86,10.59663473,4.11,632
0.1533,139.31,11.36210258,20.12,652
0.1122,164.23,11.01862914,14.48,692
0.1438,42.96,9.210340372,5.64,632
0.1596,316.25,9.903487553,15.66,642
0.1438,68.73,10.59663473,15.57,642
0.147,110.46,9.472704636,9.42,637
0.1754,43.11,9.169518377,8.38,612
0.1249,140.48,10.80972795,7.68,662
0.1501,34.68,9.757305042,20,652
0.1059,133.44,10.59663473,9.51,682
0.1217,116.54,9.210340372,14.76,667
0.1375,102.17,9.392661929,19.3,667
0.1343,67.81,10.71441777,8.75,647
0.1533,365.69,11.03488966,1.72,642
0.1407,171.05,10.71441777,0.53,642
0.1091,425.04,11.03488966,20,697
0.0996,257.99,10.1266311,0.48,702
0.1501,346.73,10.81977828,7.75,647
0.1691,284.86,11.00209984,20.22,647
0.1722,464.95,10.37349118,15.98,642
0.1438,412.37,9.61580548,6.48,672
0.1628,670.59,11.51292546,9.79,662
0.128,201.6,10.95080655,15.2,667
0.1091,196.18,8.853665428,8.57,682
0.1691,489.61,13.12236338,7.47,667
0.1533,332.6,12.50617724,7.33,682
0.1501,443.81,9.798127037,2.2,657
0.0838,63.03,9.998797732,13.09,737
0.0743,108.77,12.61153775,1,802
0.0996,80.63,9.798127037,2.33,692
0.1375,170.29,11.51292546,6.2,647
0.1786,585.41,11.69524702,14.09,652
0.1691,318.69,11.15625052,1.35,637
0.147,172.59,10.81977828,15.14,647
0.1343,193.26,11.08214255,18.22,667
0.0964,287.3,11.51292546,18.24,757
0.1565,131.19,8.892886141,17.31,642
0.1091,163.48,10.65725935,1.21,677
0.1217,499.45,11.32900263,17.02,712
0.0807,141.15,9.811372264,3.29,737
0.0838,94.54,9.903487553,6.72,732
0.1186,49.72,10.23995979,14.31,667
0.147,207.11,9.998797732,20,667
0.1249,100.35,11.08214255,14.25,667
0.1596,388.28,10.22976514,12.9,647
0.0743,77.69,10.03451581,0.53,747
0.1501,403.07,10.38899537,0.74,647
0.1722,64.38,7.547501683,18.99,642
0.1722,525.75,10.1266311,14.74,652
0.1407,61.58,9.229358378,5.06,637
0.1028,81,9.298351249,7.14,692
0.1375,102.17,8.862483576,2.38,642
0.0933,127.82,10.81977828,4,702
0.1533,364.82,10.20359214,13.02,647
0.0807,78.42,11.28978191,0.09,727
0.1533,364.82,10.59663473,11.76,647
0.1091,98.09,9.472704636,4.62,672
0.1375,170.29,9.903487553,0,647
0.1059,156.23,9.652844328,0,682
0.1091,163.48,10.46310334,1.2,677
0.1186,348.03,10.81977828,13.8,682
0.1596,84.34,10.04324949,15.86,632
0.147,207.11,11.26446411,10.23,642
0.1249,167.24,12.10071213,21.35,692
0.1628,441.18,11.40756495,1.31,642
0.1312,337.52,11.08214255,25,697
0.1312,67.51,10.71441777,4.83,642
0.1754,472.38,11.08214255,23.78,657
0.1628,303.55,10.93310697,11.38,667
0.1375,340.57,10.30895266,2.16,657
0.1122,131.38,10.16585182,10.85,677
0.0838,15.76,10.40426284,2.15,717
0.1722,303.98,10.23995979,22.93,642
0.1786,360.83,10.71441777,15.65,652
0.1501,151.69,11.08214255,5.48,642
0.1754,538.84,11.08214255,10.01,647
0.1028,129.6,9.893437217,5.82,682
0.0933,131.01,9.680344001,2.7,702
0.1467,345.04,11.10194518,0.76,647
0.1754,183.21,10.19241884,13.44,627
0.1122,118.24,10.81977828,2.86,667
0.1312,40.51,11.07153262,3.77,642
0.1786,184.02,11.00209984,5.3,617
0.0933,319.54,11.05089001,0.82,717
0.1596,421.65,11.28978191,4.61,647
0.1375,166.88,10.68051622,3.01,647
0.087,158.31,9.61580548,9.84,727
0.1438,240.54,10.91508846,8.9,647
0.1122,67.33,11.47210347,25,707
0.1407,82.11,10.54534144,18.51,652
0.1754,224.52,10.46310334,19.85,657
0.1343,169.51,9.903487553,0,652
0.1722,305.77,11.00209984,8.84,642
0.1154,494.93,10.81977828,0,687
0.1533,98.39,10.30895266,21.28,652
0.1407,191.59,9.61580548,2,642
0.1343,81.37,9.903487553,11.64,652
0.1312,141.76,9.210340372,10.68,652
0.1407,143.69,10.08580911,12.55,647
0.1786,432.99,10.6046029,12.83,652
0.1122,173.25,11.15625052,25.78,722
0.1786,158.77,11.73606902,25.77,662
0.1375,204.34,9.903487553,8.4,652
0.087,158.31,10.24065669,1.8,722
0.1467,316.58,10.49127422,0.33,692
0.1659,510.47,11.03488966,24.45,662
0.1501,145.62,11.08214255,10.69,647
0.1501,332.84,11.40756495,15.33,652
0.128,278.03,10.96819829,7.99,667
0.1375,102.17,10.50506754,23.61,672
0.1754,290.97,10.89673933,9.98,642
0.1375,170.29,9.903487553,0.6,642
0.1312,118.14,10.46310334,3.94,647
0.1059,162.73,10.30895266,1.8,682
0.1596,298.67,10.27505111,11.42,667
0.1438,359.95,10.96819829,4.26,647
0.1754,376.29,10.34174248,22.37,642
0.1059,265.25,11.85863349,6.7,687
0.1533,870.68,12.01370075,13.35,687
0.1407,205.27,10.49127422,0,647
0.1438,149.48,9.852194258,13.45,642
0.1312,168.76,9.729134165,5.36,652
0.0901,15.91,7.60090246,0,702
0.128,334.3,10.20359214,1.42,667
0.1154,131.99,9.825526011,1.3,667
0.1438,768.01,12.30138283,14.5,692
0.1628,423.55,10.77895629,11.53,652
0.1028,259.2,9.83091686,6.97,697
0.1122,131.38,9.574983486,1.67,672
0.1312,168.76,10.63585545,2.48,652
0.1438,359.95,11.22524339,13.07,657
0.1312,230.36,11.41861479,9.63,692
0.1154,659.91,13.33100224,2.33,692
0.1028,294.83,10.4341158,10.66,687
0.1217,199.78,10.30895266,2.2,662
0.1122,131.38,10.40426284,15.27,672
0.1438,123.71,10.35774282,18.51,642
0.0964,320.99,9.998797732,18.55,722
0.1628,99.71,11.00209984,4.22,622
0.1186,23.21,10.0604913,11.33,657
0.1217,299.67,9.998797732,3.27,667
0.1501,346.71,10.34174248,23.34,667
0.1754,500.22,10.71441777,23.65,652
0.1407,171.06,9.472704636,13.38,642
0.1754,705.87,10.71441777,25.63,667
0.1249,836.23,11.31447453,15.13,702
0.1596,878.44,11.56171563,26.55,707
0.1438,359.95,11.24504602,9.98,642
0.0933,287.59,9.61580548,13.36,717
0.1028,162,11.15625052,0.26,687
0.1438,227.66,10.71441777,15.63,642
0.1249,468.29,11.21182037,20.68,682
0.1154,98.99,11.22524339,18.26,672
0.1628,59.12,11.38509209,26.52,652
0.1343,186.46,10.49127422,16.03,652
0.1154,164.98,10.62132735,10.36,672
0.1596,337.32,11.09741002,23.27,657
0.0933,178.94,11.46163217,0.13,702
0.1028,181.44,8.517193191,0,682
0.1438,240.54,10.30895266,4.04,642
0.1122,246.33,9.903487553,5.46,677
0.1122,82.11,10.30895266,0.4,672
0.1438,274.9,10.98529272,23.86,677
0.1407,136,10.73639668,13.51,642
0.0964,192.6,11.60823564,15.49,707
0.1249,16.73,9.798127037,19.2,657
0.1565,293.87,10.49127422,21.5,642
0.128,67.2,9.903487553,2.58,652
0.128,335.98,10.93596004,5.04,662
0.1407,239.49,10.6974208,14.92,652
0.0964,385.19,10.37349118,1.99,707
0.147,621.34,11.69524702,26.25,697
0.1407,29.08,10.23995979,21.26,642
0.1091,326.97,11.22524339,8,677
0.1375,272.46,9.903487553,13.2,652
0.128,161.27,11.04292184,12.61,652
0.1312,202.52,11.00209984,1.02,652
0.147,324.48,11.17043516,21.58,657
0.1407,855.3,12.04355372,20.2,687
0.1375,170.29,9.680344001,9.45,642
0.0933,319.54,11.2515607,16.29,717
0.1407,51.32,9.341368634,22.95,642
0.1786,88.41,10.91508846,9.62,612
0.1375,81.74,10.99373159,18.51,647
0.128,167.99,11.51292546,9.98,652
0.1343,169.51,11.49272276,12.53,647
0.1375,170.29,10.20507253,1.6,642
0.128,167.99,9.903487553,19.02,662
0.1628,882.39,11.69524702,19.02,667
0.1312,168.76,9.61580548,8.72,647
0.1596,489.29,11.08214255,21.93,657
0.1343,508.53,10.91508846,19.44,672
0.1343,162.73,11.12726298,12.11,647
0.1091,326.97,10.66895539,4.19,682
0.0996,386.99,10.71441777,2.48,707
0.1438,206.18,9.969275293,18.93,642
0.1438,227.66,10.71441777,18.32,647
0.1533,487.59,11.23848862,9.49,652
0.1501,336.31,11.03488966,17.03,642
0.128,201.59,9.392661929,3,657
0.1501,520.06,10.50506754,4.64,657
0.1217,233.07,10.66895539,11.58,662
0.1154,19.8,8.517193191,4.8,662
0.1659,35.45,9.560997244,27.55,647
0.1438,30.93,10.27505111,3.1,632
0.1122,164.22,11.35040654,7.4,672
0.0996,257.99,9.903487553,1.5,697
0.1438,137.45,9.61580548,16.32,647
0.1722,357.63,12.07254125,26.13,657
0.128,161.27,10.02127059,10.29,652
0.1375,286.08,10.4341158,14.29,652
0.1438,359.95,10.89673933,4.33,642
0.1312,843.8,12.4292162,25.03,762
0.087,177.3,9.071078305,17.52,727
0.1438,412.35,11.51292546,11.4,647
0.1059,624.87,10.49127422,0.33,712
0.0996,51.6,9.798127037,10.33,682
0.1059,130.18,11.05089001,17.89,682
0.0838,189.08,10.81977828,4.51,727
0.1059,650.9,11.53272809,2.55,707
0.1091,404.62,11.28978191,8.21,687
0.1059,325.45,10.83958091,0.54,687
0.1438,294.66,10.91508846,12.87,642
0.1375,340.57,11.74878779,1.95,657
0.1438,247.41,10.87804719,15.65,647
0.1375,170.29,10.46310334,1.37,642
0.1249,50.18,9.655026193,14.23,652
0.1186,232.04,11.1844214,9.18,667
0.1786,557.48,11.8493977,24.04,652
0.1217,59.94,10.6454249,1.71,657
0.1059,162.73,11.1519556,13.31,687
0.1659,531.74,10.61643736,20.53,652
0.0964,770.37,11.09741002,0,742
0.128,503.97,11.00209984,22.44,687
0.1059,325.45,10.1266311,10.22,687
0.1343,142.39,10.30895266,13.16,647
0.087,158.31,10.20359214,0.93,717
0.1249,80.28,10.63055295,20.56,662
0.1438,359.95,10.82774645,6.69,647
0.1501,866.76,12.1281111,24.59,697
0.1565,349.85,11.1844214,28.4,692
0.1312,438.78,11.65442503,10.33,662
0.147,138.08,10.22557105,22.61,642
0.1028,155.52,10.30895266,8.96,682
0.0743,93.23,9.574983486,0,757
0.1091,163.49,12.48370438,8.3,677
0.1059,781.08,12.01370075,18.76,732
0.128,302.38,9.929788627,26.88,742
0.1628,352.96,10.1266311,5.09,652
0.147,276.15,10.83565163,19.13,647
0.1722,286.1,10.49127422,23.47,657
0.1375,102.17,10.59663473,16.71,642
0.1407,400.28,10.55205569,11.26,652
0.1596,505.98,11.26446411,13.78,652
0.1186,33.15,10.6454249,3.42,657
0.1059,325.45,11.2515607,16.54,692
0.1091,408.71,10.49127422,12.27,692
0.1533,313.45,10.59663473,21.9,652
0.1628,282.37,10.18111929,25,662
0.1375,851.41,12.67607627,22.68,732
0.1249,485.01,10.59663473,0.45,667
0.1438,675.23,11.31447453,21.03,672
0.1217,99.89,10.21200113,14.85,662
0.0901,318.05,10.08580911,5,722
0.128,167.99,10.77895629,27.6,712
0.1533,383.1,10.30895266,18.52,647
0.1343,339.02,11.40529571,4.78,657
0.1059,390.54,10.67359577,6.36,687
0.1438,97.08,10.59663473,28.68,692
0.1407,20.53,10.34817337,20.54,642
0.0996,806.22,11.36210258,0,727
0.0964,188.58,9.798127037,16.13,707
0.1186,198.89,10.51867319,4.54,667
0.1122,328.43,10.6454249,0.94,697
0.0996,25.8,8.699514748,0,682
0.1565,524.77,11.1844214,8.73,652
0.128,100.8,10.77895629,5.2,647
0.1786,72.17,10.70099475,28.73,647
0.128,503.97,12.52815614,17.87,672
0.1312,337.52,12.52815614,20.06,672
0.1028,518.39,11.28978191,0.62,712
0.1059,78.11,10.03240833,5.7,672
0.128,100.8,11.22524339,3.42,647
0.1091,326.97,10.26813067,2.46,682
0.1438,412.35,11.30958454,19.49,657
0.1565,524.77,10.858999,11.54,652
0.1059,237.58,11.08214255,12.54,682
0.1438,46.39,11.00209984,21.34,642
0.1122,591.18,12.27373129,11.61,692
0.1091,19.62,9.61580548,11.68,692
0.1154,49.5,8.987196821,11.1,662
0.0996,515.98,11.28978191,16.29,717
0.0933,31.96,9.878169745,0.92,692
0.1312,270.02,10.18111929,11.32,657
0.1059,390.54,12.27373129,11.78,692
0.1786,902.06,12.76568843,17.64,657
0.1438,515.44,10.49127422,26.53,697
0.147,276.15,10.87426647,18.52,647
0.1375,495.52,11.33857208,19.1,662
0.1754,748.08,11.14186178,14.71,652
0.1343,27.13,10.16585182,0,637
0.1501,277.37,10.91508846,28.43,697
0.1659,106.35,9.392661929,17.1,632
0.1122,472.94,11.40756495,15,687
0.1565,349.85,10.18111929,29.41,692
0.1312,202.52,11.55214618,6.95,652
0.1122,229.91,11.58988651,21.97,692
0.1154,527.93,12.03171926,6.23,682
0.1407,342.12,10.7381343,25.91,697
0.1628,564.73,10.91871823,7.96,652
0.1249,83.63,11.46163217,16.19,657
0.0996,54.02,8.881836305,17.33,687
0.1312,810.05,11.00209984,25.08,757
0.0901,254.44,10.77895629,8.3,717
0.1501,495.79,10.30895266,12.76,657
0.0964,240.74,11.1844214,15.72,712
0.1691,154.9,10.37349118,27.15,652
0.1343,508.53,11.00209984,2.16,662
0.1501,350.17,10.55581274,21.81,657
0.1438,254.29,10.49127422,26.08,682
0.1122,246.33,10.37098805,6.62,677
0.1722,661.61,10.54534144,9.76,642
0.1059,325.45,10.81977828,13.9,697
0.087,316.61,10.49127422,0.6,727
0.1741,622.13,10.81977828,16.92,647
0.1425,274.4,10.91508846,15.53,652
0.1709,24.99,9.942708266,28.42,662
0.1362,81.59,10.77058804,15.53,647
0.0838,315.12,10.5865844,5.67,737
0.0983,160.94,10.71441777,0.67,702
0.1078,163.18,10.18111929,13.55,687
0.1109,688.41,12.30138283,21.28,747
0.1141,55.17,9.743788174,21.75,687
0.152,443.24,10.41774727,17.08,657
0.1583,286.73,10.51867319,22.25,647
0.133,253.79,10.30895266,14.08,662
0.1172,35.57,8.9226583,19.2,672
0.1362,56.09,11.12726298,5.61,682
0.1204,232.64,11.05089001,14.55,672
0.1078,244.76,11.09741002,5.13,687
0.1393,187.8,10.4341158,19.34,657
0.1362,163.17,11.00209984,21.03,662
0.1109,65.57,10.59663473,9.98,672
0.133,169.2,10.34174248,16.88,657
0.133,406.07,11.28978191,8.64,662
0.1078,326.35,10.36501788,13.01,702
0.133,406.07,10.49127422,12.77,662
0.1457,248.08,11.29476946,26.49,692
0.1299,16.85,10.19913779,10,652
0.133,406.07,10.70324447,20.14,677
0.1488,471.52,11.09741002,22.16,662
0.0983,482.82,11.09741002,9.38,732
0.1141,148.2,10.30895266,13.88,677
0.0983,193.13,9.729134165,7.07,702
0.1583,701.47,11.15625052,13.94,672
0.1425,82.32,11.00967111,22.93,652
0.1014,355.67,10.6454249,12.94,712
0.133,81.22,10.08580911,11.35,652
0.133,67.68,9.887358171,23.6,677
0.1141,65.87,8.411832676,4,667
0.1236,200.32,11.05089001,14.51,667
0.1046,324.84,11.33857208,16.67,722
0.1615,450.96,10.89673933,20.2,657
0.1172,793.94,11.8493977,8.39,707
0.1804,682.76,11.69524702,19.33,647
0.1299,134.76,11.39611071,6.78,657
0.133,203.04,10.59663473,5.13,657
0.1646,106.16,11.00209984,28.16,672
0.1046,68.22,10.43998092,10.04,682
0.1078,815.87,11.36210258,0.75,717
0.1109,458.94,11.3009691,15.63,702
0.152,208.59,10.49127422,18.53,642
0.0951,372.44,9.903487553,14.58,737
0.1615,233.41,10.39476332,29.07,687
0.1141,98.8,9.472704636,10.43,672
0.1299,505.34,11.40756495,10.24,672
0.1646,265.39,10.71441777,23.04,652
0.1425,171.5,11.05089001,17.22,647
0.1488,207.64,10.62132735,15.75,642
0.1615,704.63,11.1124479,21.83,667
0.1393,592.4,10.81977828,23.47,697
0.133,84.6,10.12502982,0.96,652
0.1551,418.99,11.03488966,15.38,647
0.1551,438.2,11.19821472,19.73,657
0.1299,808.54,12.3883942,9.67,682
0.1804,202.57,10.71441777,25.84,647
0.1046,77.97,10.20359214,19.29,697
0.1299,203.82,10.71441777,22.77,692
0.092,191.36,11.48246626,19.6,737
0.1583,526.1,11.00209984,17.28,657
0.1236,300.48,11.8493977,16.9,672
0.1457,516.83,10.8177362,25.4,707
0.1393,102.44,9.392661929,3.9,642
0.1141,386.97,11.98292909,12.26,702
0.0838,75.63,9.663007082,3.82,722
0.1425,68.6,11.12726298,14.45,642
0.0743,49.72,8.160518247,5.14,752
0.1236,534.19,11.31447453,16.27,682
0.1551,230.45,11.98292909,25.11,692
0.152,470.18,10.77895629,26.08,687
0.1615,176.16,10.93310697,24.36,652
0.1425,171.5,10.46310334,21.5,657
0.1204,66.47,9.83734775,0.96,662
0.1425,343,10.52406404,17.55,657
0.1141,342.51,10.91508846,4.95,682
0.092,255.15,10.858999,11.08,732
0.1551,418.99,10.59663473,2.4,642
0.1836,436,11.12726298,26.7,657
0.1425,411.6,11.15625052,9.77,657
0.1299,175.19,10.73639668,3.89,657
0.1362,84.99,10.08580911,10.65,647
0.152,312.01,10.16585182,4.34,642
0.1078,293.72,11.91839057,11.57,687
0.1488,276.86,10.9331784,5.34,642
0.1393,239.01,11.15625052,23.21,677
0.1488,276.86,10.4341158,16.91,647
0.1204,830.84,11.56171563,3.73,702
0.092,95.68,10.59663473,0.99,707
0.1836,630.39,11.87756858,29.96,667
0.1804,682.76,11.08214255,22.01,657
0.1204,18.28,9.83734775,5.22,662
0.1141,395.2,10.67821472,14.9,692
0.1583,397.21,10.83958091,15.93,642
0.1583,526.1,12.01370075,13.52,657
0.152,208.59,10.31692083,19.96,642
0.1804,532.64,11.31447453,20.96,657
0.1141,230.54,10.42228135,17.04,682
0.1141,395.2,10.90411943,19.46,697
0.1046,97.46,10.86283777,4.34,682
0.1836,726.67,11.9511804,25.27,667
0.1646,329.97,10.81977828,26.86,662
0.1425,102.9,10.95185862,22.17,657
0.1141,164.67,10.32548196,0.39,677
0.1804,682.76,11.35040654,16.28,647
0.1551,261.87,11.22524339,27.2,677
0.1709,211.51,10.81977828,26.52,657
0.1772,360.13,11.30684796,25.91,657
0.1362,224.36,10.50232405,14.34,657
0.1836,447.81,10.89673933,14.82,647
0.1488,349.53,10.66895539,27.99,692
0.092,57.41,10.46310334,10.94,707
0.1172,529.3,11.22524339,1.06,692
0.1299,168.45,9.903487553,9.78,657
0.152,417.17,10.54534144,5.81,647
0.1078,261.08,10.04324949,7.83,687
0.1046,81.21,10.71441777,17.95,687
0.1457,186.06,9.998797732,8.73,642
0.1362,169.97,10.20359214,19.42,657
0.1078,262.71,11.00209984,3.48,702
0.1393,280.84,11.91839057,19.13,687
0.1393,61.46,10.29214554,22.13,657
0.1804,627.6,11.65268741,21.03,652
0.1393,273.15,10.20359214,11.02,652
0.1292,188.48,10.30895266,8.2,662
0.1071,84.77,9.83734775,0.64,682
0.1039,30.02,12.20906815,11.85,732
0.1671,532.63,11.51292546,29.04,692
0.1071,195.61,10.55581274,12.28,687
0.1482,138.31,11.51292546,24.79,662
0.1482,414.93,11.39639165,3.49,652
0.1829,755.91,12.83201108,8.52,652
0.1482,345.78,11.55214618,25.47,692
0.1576,300.46,10.49127422,22.53,647
0.1071,328.47,11.46163217,13.43,737
0.1387,71.65,10.38899537,18.37,657
0.1355,271.68,10.858999,27.05,717
0.1545,418.64,10.858999,9.74,647
0.1355,81.51,10.19913779,7.98,647
0.1166,66.11,10.51867319,17.29,672
0.1418,57.4,10.25765937,17.47,642
0.1355,615.52,10.89673933,21.27,677
0.1513,260.47,11.15625052,15.99,642
0.1829,849.38,11.22524339,8.54,657
0.1861,464.86,11.22524339,29.47,662
0.145,289.14,10.81977828,16.68,657
0.1797,650.48,11.22524339,15.97,647
0.1829,352.1,10.94574111,25.5,657
0.1545,401.2,10.81977828,7.9,662
0.1608,624.74,11.15625052,29.16,707
0.1387,475.05,10.76587105,25.66,717
0.1355,394.78,10.46310334,21.22,677
0.1387,402.56,11.14965741,8.8,677
0.1103,818.83,12.32385568,12.66,712
0.1261,670.13,11.38053628,14.92,692
0.1008,129.22,10.77895629,0.75,702
0.1829,435.58,11.03488966,25.26,657
0.1513,451.48,11.26446411,29.28,717
0.1355,848.99,11.1844214,2.02,687
0.1766,620.7,11.03488966,20.44,657
0.1134,197.4,10.37349118,21.9,702
0.1797,129.2,10.4341158,27.42,647
0.1197,132.8,9.980448594,22.5,692
0.1008,64.61,10.77895629,0,697
0.1197,481.4,11.77528973,10.85,682
0.1576,525.58,10.6454249,7.86,657
0.1229,280.17,11.04292184,14.65,677
0.1261,228.69,11.14186178,23.62,712
0.1071,176.05,11.22524339,1.01,702
0.1513,333.4,11.15625052,16.35,647
0.1545,645.4,11.1611812,28.78,717
0.1387,852.87,11.95761129,20.79,712
0.145,385.52,11.00209984,5.74,657
0.145,172.11,10.91871823,4.54,642
0.1324,338.1,10.39537498,26.12,727
0.1545,122.11,10.52325726,28.66,697
0.1166,52.89,11.3955486,16.64,672
0.1261,50.26,10.1266311,1.87,657
0.145,70.57,10.02127059,27.73,682
0.1829,871.16,12.03750605,7.86,657
0.1229,80.05,9.169518377,0,662
0.1608,281.58,10.83958091,28.47,687
0.1418,51.4,10.37972173,16.36,642
0.1229,100.06,9.744022778,10.91,667
0.1418,342.66,11.2009507,0.74,657
0.1229,50.03,10.30895266,14.12,662
0.1008,113.07,10.3859137,0.56,702
0.1734,687.79,11.24255927,12.74,652
0.1134,789.6,11.46163217,18.38,722
0.145,206.53,10.96819829,19.92,652
0.0945,192.06,11.08214255,0.92,712
0.1134,197.4,9.798127037,3.67,687
0.1355,67.92,10.6454249,18.06,657
0.1829,185.13,10.49127422,25.67,642
0.1545,348.87,10.77895629,13.38,642
0.1355,122.26,10.77895629,12.05,652
0.1608,409.16,10.858999,25.55,677
0.1513,121.56,10.40426284,26.15,677
0.1387,119.41,10.1266311,3.94,652
0.1355,135.84,11.27973158,15.06,657
0.145,247.84,9.903487553,6.3,652
0.164,106.07,10.727663,29.24,677
0.1513,243.11,11.58988651,27.63,682
0.1166,115.69,10.4487146,16.23,677
0.145,516.32,11.69524702,24.95,677
0.1324,20.29,9.546812609,22.03,662
0.1166,809.78,11.90158345,18.43,722
0.1292,269.25,11.34568955,27.45,737
0.1608,111.75,10.49127422,26.03,667
0.1608,281.58,11.71888216,25.27,672
0.1324,540.96,11.51292546,21.9,687
0.1482,359.61,11.15625052,3.82,647
0.1261,299.89,10.25765937,15.87,672
0.0976,160.78,10.19913779,2.37,712
0.1545,251.18,10.77895629,25.25,677
0.0976,385.86,11.22524339,0.4,727
0.1197,448.2,11.26446411,6.39,682
0.1576,796.26,11.15625052,29.21,732
0.1292,156.5,11.34398597,18.1,667
0.1418,493.42,10.46310334,17.93,662
0.1418,287.83,11.37939407,1.49,652
0.1513,243.11,11.53272809,5.93,642
0.1039,324.51,10.81977828,20.09,737
0.1703,535.02,11.51292546,10.85,642
0.1829,685.13,12.32385568,12.05,642
0.145,137.69,10.56607243,22.05,657
0.1292,269.25,11.07013225,12.07,667
0.1861,451.19,11.52386541,29.7,662
0.1861,241.55,11.9511804,28.17,657
0.1008,64.61,9.862665558,6.94,697
0.1229,166.77,11.26446411,8.15,667
0.164,185.62,10.66895539,22.75,647
0.1197,338.64,11.11542853,16.66,682
0.1261,120.63,10.6454249,7.94,662
0.1766,215.9,11.22524339,28.56,667
0.1324,202.86,10.6454249,25.14,717
0.1482,41.5,8.699514748,3,637
0.1292,471.18,11.69524702,22.71,692
0.164,530.33,10.54534144,13.71,652
0.1418,513.98,10.89673933,10.47,662
0.1545,244.21,10.30895266,18.8,647
0.1418,342.66,10.37349118,7.76,657
0.1734,644.8,11.38509209,10.73,652
0.0976,80.39,10.43998092,2.63,702
0.1671,536.18,10.81977828,16.22,647
0.1829,435.58,11.53272809,14.8,652
0.1071,652.04,11.33857208,0.21,717
0.1545,279.09,10.27505111,15.48,642
0.1071,49.72,8.188689124,11.33,682
0.145,254.72,10.26646261,16.78,652
0.1261,107.23,11.26076496,16.72,667
0.0976,160.78,10.71441777,0,717
0.1545,191.88,11.51292546,22.46,647
0.1324,169.05,10.23995979,19.54,667
0.1071,782.44,11.51288546,0.35,732
0.1418,109.65,10.1266311,22.32,657
0.0976,321.55,11.08201946,11.34,722
0.1103,491.3,11.1844214,6.5,707
0.1387,266.1,10.76637751,23.01,677
0.1039,811.27,13.45883561,0.81,737
0.145,385.52,11.23848862,20.02,667
0.1418,350.37,11.69524702,4.94,657
0.0945,320.1,11.3533434,4.36,727
0.1261,184.29,10.16585182,6.46,667
0.0976,241.16,11.33857208,7.03,737
0.1292,201.94,10.04324949,6.94,662
0.1324,169.05,10.49127422,25.47,717
0.1545,334.91,11.06663836,21.6,657
0.1513,389.84,10.66895539,18.81,657
0.164,296.99,10.81174611,27.7,672
0.1261,670.13,11.58058411,15.88,687
0.1292,100.97,10.59663473,15.73,662
0.164,282.84,12.07254125,23.84,657
0.1482,335.4,10.53209621,27.04,692
0.1861,419.29,10.91508846,1.66,652
0.1387,136.46,10.858999,6.9,647
0.1671,710.18,11.06663836,20.83,662
0.1197,830,12.1281111,22.72,727
0.1071,130.41,10.54534144,3.85,687
0.0863,31.63,11.03650127,18.03,737
0.0863,316.28,11.3736634,6.74,737
0.1861,437.51,11.60823564,28.21,662
0.1418,68.54,11.00209984,10.08,642
0.1829,755.91,11.24504602,11.15,647
0.1734,573.16,10.858999,10.82,647
0.145,61.96,10.30895266,2.84,642
0.1576,294.33,10.83340541,21.24,647
0.1829,685.13,11.79355271,11.68,642
0.1355,169.8,11.03488966,4.88,652
0.1324,676.2,11.51292546,22.25,697
0.1387,54.59,10.30895266,1.92,642
0.1039,649.02,11.51292546,2.94,727
0.0945,128.04,11.02190247,6.31,722
0.1513,208.38,10.59663473,13.5,652
0.164,153.8,10.53688473,24.71,652
0.1387,170.58,10.6454249,6.69,652
0.164,883.88,11.49272276,3.12,662
0.1418,188.46,11.15625052,19.46,657
0.1545,390.73,11.03495418,14.36,647
0.1261,536.11,11.56741365,19.23,687
0.1482,331.95,11.08214255,15.73,652
0.1797,364.99,10.7624881,23.53,642
0.1355,271.68,11.22524339,4.22,662
0.1482,259.33,10.40426284,15.38,652
0.1134,368.48,10.70099475,6.92,687
0.1324,172.43,9.740968623,6.99,657
0.1545,191.88,10.73639668,21.23,647
0.1513,416.75,11.19821472,15.73,652
0.1545,334.91,11.35040654,21.91,657
0.1039,629.55,10.46310334,12.72,727
0.1513,124.16,9.975808214,21.04,647
0.1008,113.07,9.392661929,3,707
0.1261,804.16,12.36307639,16.84,707
0.1261,201.04,10.65112292,2.22,662
0.1261,723.74,11.73606902,16.94,687
0.1797,225.86,10.6454249,28.29,662
0.1103,229.28,10.30895266,14.09,697
0.1482,276.62,10.37349118,25.99,687
0.1576,413.46,10.89673933,18.96,652
0.1861,241.55,11.69524702,25.33,642
0.1861,759.27,11.51292546,18.89,652
0.1134,230.3,10.73639668,4.2,682
0.1387,153.52,9.893437217,6.06,652
0.1324,101.43,10.95080655,3.37,652
0.1545,111.64,10.81977828,22.92,642
0.1482,276.62,11.40756495,15.95,652
0.1166,462.74,12.3883942,15.27,697
0.1861,185.95,11.08367983,29.2,652
0.1355,50.94,10.30895266,14.2,647
0.1261,502.6,10.89673933,19.96,682
0.1292,168.28,10.59653473,19.02,667
0.1766,107.95,10.71441777,26.77,647
0.145,123.06,10.20359214,21.33,657
0.1261,33.51,11.08214255,0.85,657
0.08,15.67,8.101677747,0,747
0.1103,425.79,11.00209984,13.18,712
0.1324,20.29,10.1266311,28.61,752
0.1513,138.05,10.27505111,24.08,662
0.1576,192.72,10.69194491,29.95,692
0.1482,248.96,10.89673933,9.67,647
0.145,378.64,10.77895629,25.65,702
0.1261,335.07,10.47107151,20.1,687
0.1324,101.43,10.59021417,13.92,657
0.1861,688.17,12.32385568,16.47,642
0.1166,82.64,10.39513036,20.33,687
0.1418,68.54,11.28978191,14.85,647
0.1418,856.63,12.4292162,19.09,692
0.1482,297.37,10.65960953,4.54,647
0.1545,293.05,11.35040654,15.71,642
0.1355,485.63,10.33136626,12.91,667
0.1608,490.12,10.6454249,18.94,652
0.1197,132.8,10.59663473,3.39,677
0.1103,49.13,10.42228135,13.5,682
0.1482,207.47,10.6454249,13.34,647
0.1324,304.29,11.12714533,18.51,672
0.145,172.11,11.4019939,16.57,647
0.145,70.57,9.210340372,13.8,642
0.1229,667.06,11.26446411,2.38,692
0.1608,281.58,11.43496392,21.91,647
0.145,258.16,10.77895629,19.63,657
0.1292,185.11,10.1266311,19.87,667
0.1734,375.24,11.00209984,29.3,677
0.1355,271.68,10.36722157,21.28,672
0.1418,445.45,10.49127422,18.93,667
0.1608,246.38,11.05089001,22.74,647
0.1861,214.2,10.77895629,27.33,642
0.1418,171.33,10.66895539,10.38,647
0.1134,157.92,10.23995979,5.14,677
0.1324,38.04,10.52406404,16.81,652
0.1324,497.01,10.08580911,2.7,672
0.1166,330.53,11.40756495,19.93,717
0.1229,266.83,11.31007462,14.2,677
0.1229,770.46,10.858999,17.03,707
0.1103,180.15,11.15625052,15.51,692
0.1482,121.03,10.66895539,20.76,657
0.145,413.06,10.77895629,3.8,657
0.1545,397.71,10.46310334,13.89,647
0.1355,203.76,11.51292546,9.28,662
0.0976,192.93,10.4968144,17.87,717
0.0945,96.03,9.210340372,3.6,707
0.1671,371.96,10.66895539,22.55,642
0.1513,277.84,11.49272276,6.73,642
0.1482,207.47,10.77895629,22.13,657
0.1545,348.87,11.01501607,15.1,642
0.1324,338.1,11.09741002,9.13,672
0.1197,664,11.40769827,18.96,707
0.1324,148.77,10.52406404,18.04,662
0.1482,82.99,10.27505111,28.06,702
0.145,247.84,10.35421279,17.78,652
0.1576,437.99,11.48246626,11.84,652
0.1071,489.03,11.50287513,8.65,712
0.1229,200.12,11.2515607,17.69,672
0.1387,272.92,11.28978191,11.1,657
0.1292,84.14,10.71441777,22.32,672
0.1545,348.87,11.98292909,25.72,682
0.1355,169.8,10.40426284,16.62,657
0.1513,85.09,10.08580911,28.15,697
0.1576,280.31,10.77895629,25.4,677
0.1387,341.15,10.75577295,19.73,662
0.1197,116.2,9.975994243,26.84,772
0.1418,68.54,10.49127422,17.17,647
0.1418,342.66,11.41861479,12.99,657
0.1734,89.56,10.59663473,25.77,652
0.1355,407.52,10.59663473,3.9,662
0.1861,535.95,11.007419,24.29,657
0.1134,315.84,11.6351431,18.54,707
0.1197,249,11.1844214,5.7,682
0.1103,163.77,10.54534144,0.47,682
0.1418,342.66,10.4744671,7.63,657
0.1482,414.93,10.54534144,9.76,652
0.1292,176.7,9.903487553,13.38,667
0.1766,807.8,12.04355372,26.97,682
0.145,688.42,11.32659589,25.4,717
0.1734,573.16,10.71708089,16.44,652
0.145,344.21,10.49127422,6.13,657
0.1703,373.62,10.73639668,23.22,652
0.1797,361.38,11.28978191,29.72,672
0.0863,284.66,11.05089001,0.29,737
0.1829,411.99,11.46163217,20.48,652
0.1734,182.7,10.69618591,26.78,657
0.0945,179.26,11.77528973,3.06,722
0.1418,123.36,10.55581274,19.81,652
0.1482,345.78,11.51292546,9.73,647
0.1197,166,10.30895266,20.76,687
0.1418,227.87,10.91508846,23.04,687
0.1387,85.29,10.1266311,4.18,647
0.1797,503.22,11.09741002,24.71,657
0.1766,116.95,10.69194491,26.84,647
0.1261,83.77,10.05057046,3.78,677
0.1734,644.8,11.05089001,25.68,677
0.1355,183.39,10.3609124,3.11,657
0.1482,414.93,11.23434848,10.24,652
0.164,353.55,12.3883942,12.37,652
0.1071,163.01,11.28978191,12.08,702
0.1766,21.59,10.0785327,26.89,642
0.1608,211.18,11.98292909,28.34,682
0.1166,247.9,11.1844214,21.22,702
0.145,309.79,10.81977828,27.84,692
0.1734,644.8,11.40756495,25.59,687
0.0945,224.07,11.51292546,7.6,717
0.1197,196.71,11.38509209,20.84,687
0.1355,45,11.09741002,11.65,647
0.164,530.33,11.40756495,18.12,657
0.1103,163.77,11.6351431,5,682
0.1861,291.68,12.30138283,6.87,647
0.0832,15.75,11.51292546,14.02,747
0.1482,242.05,10.6454249,11.14,642
0.1418,143.92,10.40426284,9.2,647
0.1734,279.42,10.858999,28.36,672
0.1829,181.5,11.00209984,27.14,642
0.1071,97.81,10.20359214,18.89,697
0.1008,164.76,9.61580548,11.12,707
0.1261,308.26,11.46194791,27.4,747
0.1418,136.21,10.08580911,29.7,727
0.1545,453.52,10.59663473,14.52,657
0.1292,30.29,9.454070557,25.11,717
0.1829,399.28,11.60823564,11.09,657
0.0976,289.4,11.08723724,17.12,727
0.1355,203.76,10.54534144,25.93,707
0.1261,134.03,10.59663473,20.07,677
0.1482,193.64,11.19821472,20.6,657
0.1324,216.39,10.51867319,25.07,717
0.1482,167.7,10.91828336,10.4,647
0.145,314.1,10.89951325,17.24,657
0.1482,259.33,11.15625052,25.68,692
0.1418,270.7,10.77895629,15.1,657
0.1387,163.75,10.73639668,22.72,662
0.1292,201.94,10.57131693,25.48,732
0.145,165.23,11.05089001,11.39,642
0.1355,190.18,10.57131693,6.77,657
0.1292,100.97,10.54534144,19.52,672
0.1576,148.04,10.81977828,21.5,652
0.1071,58.69,11.71993963,11.55,682
0.1229,106.73,10.91508846,9.1,667
0.1766,163.72,10.81977828,24.46,647
0.1734,179.12,10.46310334,26.78,652
0.1134,119.27,10.77895629,13,687
0.1355,119.71,10.55841352,10.91,657
0.145,123.06,11.40756495,9.37,647
0.1576,324.11,10.57131693,22.58,652
0.1513,266.55,11.8493977,18.08,647
0.1861,227.87,11.00209984,26.08,642
0.1261,73.72,10.59663473,10.53,667
0.1482,74.35,10.46310334,13.68,642
0.1482,79.53,11.22524339,16.05,652
0.1482,151.28,11.43154186,26.24,697
0.145,75.73,10.8365174,7.27,647
0.1482,172.89,10.858999,14.17,642
0.1734,143.29,10.30895266,28.56,667
0.1418,207.31,10.59663473,26.88,702
0.1103,196.52,10.59663473,13.44,692
0.1576,218.12,10.79939189,27.41,677
0.1134,190.82,10.71441777,22.45,712
0.1766,179.92,11.91839057,27.86,652
0.1355,135.84,10.79957558,18.74,667
0.1513,41.68,10.59663473,24.81,657
0.1387,204.69,11.22524339,25.84,702
0.1387,104.05,11.22524339,10.14,647
0.1103,58.96,11.26076496,18.24,687
0.1482,207.47,11.15625052,12.65,642
0.1418,102.8,10.40426284,22.79,657
0.1324,104.81,10.71441777,12,657
0.1324,108.2,11.253301,19.96,662
0.1292,60.58,10.55581274,8.34,657
0.1475,103.63,10.49127422,15.87,642
0.0945,115.24,11.40756495,10.43,717
0.1229,116.74,11.03488966,26.74,737
0.1071,202.13,11.1526727,10.63,697
0.1482,242.05,11.39075783,16.3,647
0.1166,90.9,10.46310334,10.15,677
0.1387,170.58,11.22524339,16.16,652
0.1261,83.77,10.95080655,24.17,702
0.145,258.16,11.26446411,18.37,657
0.1387,255.86,11.04764666,24.59,687
0.1703,107.01,11.40756495,28.3,667
0.1861,185.04,11.22524339,28.66,652
0.08,125.35,10.30895266,12.2,752
0.145,68.85,11.12726298,24.16,662
0.1134,210.56,10.6454249,5.6,682
0.1513,260.47,10.98536052,17.59,647
0.1482,138.31,10.12647109,3.55,642
0.145,175.55,10.71441777,26.4,697
0.1324,57.48,10.17381999,11.72,652
0.1355,163.01,10.50232405,4.65,652
0.1261,46.91,9.740968623,20.4,672
0.1134,230.3,11.41751528,11.93,677
0.1418,102.8,10.71441777,6.69,652
0.1134,210.56,10.91501573,2.71,682
0.0976,188.91,10.59663473,17.43,727
0.08,94.01,9.546812609,1.29,737
0.1324,84.53,9.952277717,3.94,662
0.145,165.23,11.39075783,19.75,647
0.164,265.17,11.28978191,28.35,682
0.1861,244.28,11.8313792,28.26,642
0.1482,62.24,11.00209984,21.86,647
0.1166,247.9,11.22524339,20.67,707
0.1355,135.84,10.71441777,17.63,657
0.0832,62.97,10.6454249,0.29,727
0.1166,247.9,11.05089001,17.5,682
0.1229,33.36,9.740968623,1.62,662
0.1134,33.73,9.392661929,20.4,697
0.1292,252.42,10.818177,18.87,672
0.1545,69.78,10.79957558,17.85,642
0.1229,250.15,11.56171563,21.34,687
0.1482,259.33,11.17043516,24.73,672
0.1387,255.86,12.01370075,20.95,672
0.0863,126.52,9.903487553,0.9,732
0.1387,75.06,10.59663473,10.35,642
0.1292,64.79,10.34174248,21.65,667
0.1292,252.42,12.07254125,14.78,667
0.0945,160.05,10.59663473,10.53,722
0.1103,98.26,10.59663473,3.09,677
0.1418,164.48,10.46321762,2.37,647
0.0832,220.39,10.1266311,2.21,732
0.1387,238.81,10.30895266,10.8,657
0.1039,243.38,12.08953883,15.69,712
0.164,265.17,11.22021745,24.01,657
0.0832,157.43,10.81977828,0.6,737
0.0945,240.08,11.69524702,19.46,752
0.1261,234.55,11.1844214,25.78,742
0.0945,143.25,11.06657586,9.17,722
0.1355,203.76,11.48242502,12.15,657
0.1387,119.41,11.26446411,8.86,647
0.1355,135.84,10.858999,10.99,652
0.145,258.16,10.96819829,16.04,652
0.1861,58.34,11.72964845,28.29,642
0.1134,246.75,11.81303006,21.32,712
0.1387,218.34,10.6454249,17.37,657
0.1355,220.74,11.3083583,10.95,657
0.1324,60.86,10.34817337,10.85,652
0.1229,160.1,10.91508846,14.64,667
0.0832,56.68,10.73639668,0.65,732
0.0976,128.62,10.75248397,7.29,707
0.145,189.32,10.59663473,4.89,642
0.1039,48.68,8.9226583,4.96,687
0.1703,124.84,11.15625052,25.51,662
0.1008,242.29,11.56171563,13.37,712
0.1229,40.03,10.23995979,7.64,662
0.1222,208.25,10.6454249,9.71,682
0.06,184.28,10.35964577,7.49,647
0.1166,181.79,9.903687533,9.9,677
0.0976,96.47,9.472396897,5.45,702
0.08,94.01,9.903487553,7.66,732
0.0976,97.27,9.68009397,1.73,707
0.164,197.99,11.05089001,26.46,662
0.1576,122.64,10.96812932,28.7,692
0.1513,260.47,11.22524339,17.76,647
0.1324,114.96,10.30895266,23.44,687
0.1355,254.7,10.91508846,15.1,662
0.1103,128.56,10.6454249,14.46,692
0.0768,182.46,10.26813067,0.42,782
0.1355,135.84,10.9331784,8.98,652
0.1197,249,11.88448902,18.16,682
0.1576,63.95,9.903687533,25.07,667
0.1324,169.05,10.83958091,9.22,657
0.145,41.31,10.81627215,22.2,652
0.1355,81.51,10.17198681,22.94,662
0.1261,75.39,11.66838957,11.74,667
0.1071,32.61,9.998797732,14.7,687
0.1103,245.65,11.09741002,6.38,692
0.1134,213.85,11.42954386,2.78,682
0.1324,67.62,10.37349118,6.94,652
0.1608,149.59,10.46321762,26.36,667
0.1261,134.03,10.00784757,23.02,702
0.1324,121.72,11.231623,9.14,657
0.1039,113.58,11.15625052,12.86,692
0.1197,199.2,10.77895629,15.38,677
0.1703,107.01,11.15625052,25.03,657
0.1261,67.02,11.9511804,17.69,662
0.1355,61.13,10.95080655,11.22,652
0.1418,95.95,10.81977828,8.5,642
0.1286,252.2,10.42228135,8.93,667
0.1482,186.72,10.77895629,19.4,652
0.08,141.02,10.16600565,1.43,767
0.1513,243.11,10.73630972,18.91,652
0.1197,194.22,11.60827201,11.62,677
0.145,258.16,11.91839057,26.27,697
0.1418,181.61,10.91501573,10.04,657
0.1349,42.42,9.798127037,4.67,652
0.1103,245.65,10.71441777,11.41,687
0.1418,102.8,9.998797732,15.44,647
0.1159,231.14,11.06676335,10.63,687
0.1261,251.3,10.66895539,11.72,667
0.1387,136.46,10.25765937,10.21,647
0.1545,261.65,10.91508846,24.94,667
0.1001,242.04,11.73606902,18.85,737
0.1475,202.08,10.46321762,25.09,687
0.1222,193.26,10.15393494,20.88,687
0.1854,145.7,11.00209984,28.41,657
0.1222,249.9,11.09741002,12.11,677
0.1507,260.25,11.69524702,14.84,652
0.0863,113.87,10.43399815,0.71,717
0.138,170.41,10.30895266,17.88,657
0.1317,81.07,9.85198371,24.51,687
0.1507,138.8,10.46310334,17.47,642
0.1412,205.42,10.83958091,9.01,657
0.1601,263.72,10.71441777,22.83,652
0.1507,86.75,10.04324949,24.47,667
0.1665,266.1,10.81977828,20.93,642
0.1412,239.66,11.17043516,6.24,657
0.1064,244.27,10.59663473,2.07,702
0.097,160.64,10.42797937,7.24,717
0.1254,150.63,10.91508846,10.89,662
0.1355,169.8,11.46163217,7.79,657
0.1191,364.89,11.05673006,13.9,687
0.1538,306.7,10.4487146,7.86,647
0.157,245.07,10.30895266,24.12,662
0.1191,116.1,11.60827201,8.44,672
0.157,235.44,10.4487146,8.7,647
0.1696,534.5,12.12269104,12.76,647
0.1191,497.58,11.08214255,19.66,702
0.1791,144.43,10.86856845,29.9,662
0.1064,35.83,9.547098282,4.2,687
0.1696,503.32,10.71441777,18.8,652
0.1538,174.26,10.77895629,15.65,652
0.0863,170.8,10.68051622,10.18,742
0.1886,274.39,11.31447453,27.26,652
0.157,262.57,10.87039535,21.38,652
0.157,157.55,10.65608219,23.89,662
0.1412,140.37,11.1844214,1.57,652
0.1601,281.3,11.40756495,5.93,657
0.1191,232.2,12.56024446,4.33,682
0.1064,50.49,10.30895266,15.6,697
0.138,40.9,10.46310334,26.19,707
0.1412,134.38,11.2553328,12.37,657
0.1412,71.9,10.6454249,8.11,652
0.1317,233.06,11.91839057,8.6,697
0.1886,155.49,10.9455436,27.6,667
0.138,109.06,10.86856845,17.44,652
0.1159,166.75,10.7045021,8,687
0.1096,111.25,10.2327913,12.52,702
0.1475,259.08,10.7342204,17.73,652
0.138,160.18,10.46310334,11.28,667
0.1507,152.68,11.00209984,9.94,642
0.1317,183.24,10.6454249,11.83,667
0.1854,109.28,10.69194491,26.68,647
0.1411,266.99,10.59663473,19.5,672
0.1128,73.14,10.87804719,16.78,702
0.1412,119.83,10.71441777,10.19,657
0.1759,269.61,10.89673933,27.47,672
0.1507,41.64,10.59182318,18.27,652
0.138,170.41,11.2515607,14.01,657
0.1601,263.72,11.51292546,19.58,642
0.1286,235.39,10.20359214,26.62,792
0.138,61.35,9.852194258,3.85,682
0.1538,209.12,10.08580911,11.5,657
0.157,227.56,11.86709728,22.32,652
0.1886,245.13,10.71441777,25.76,647
0.1475,55.27,11.55214618,16.97,652
0.1696,223.6,11.28978191,19.89,642
0.1254,192.47,11.8473957,10.85,687
0.1443,257.91,10.818177,17.67,657
0.1317,185.77,11.01862914,13.79,677
0.1191,202.35,11.00209984,21.82,712
0.1317,253.32,11.56171563,1.03,677
0.1443,165.92,10.37349118,28.76,727
0.1728,125.28,11.19547123,21.1,642
0.157,175.05,10.34174248,25.63,677
0.1286,41.2,10.71441777,16.67,677
0.1538,51.41,10.57544174,21.66,647
0.1665,229.73,11.15625052,21.02,642
0.1728,153.02,11.00209984,23.28,642
0.1791,86.66,11.10721033,2.45,647
0.1254,193.31,11.49272276,12.33,677
0.1665,170.3,10.84801583,24.8,657
0.1443,137.55,11.28978191,20.37,662
0.1665,266.1,12.15477935,17.92,667
0.1475,103.63,10.57131693,5.23,652
0.1601,246.14,11.38509209,16.83,647
0.1507,52.05,9.035986985,10,652
0.1475,84.64,11.1844214,5.48,662
0.1507,227.29,11.40756495,18.2,652
0.1254,199.17,10.71441777,8.21,697
0.1443,68.78,11.51292546,27.18,697
0.1159,198.12,10.81977828,6.5,682
0.1601,112.52,11.14836235,27.21,667
0.1412,59.92,11.56171563,17.7,657
0.1759,107.85,10.75907241,29.74,662
0.1936,81.05,10.27505111,23.34,667
0.1241,250.58,11.51292546,15.88,692
0.1936,276.29,11.91839057,25.47,667
0.1367,221.12,11.91839057,14.8,672
0.1588,140.4,10.34174248,21.45,652
0.1304,337.14,11.00209984,15.92,692
0.1146,276.84,10.93221371,7.29,707
0.1146,659.14,11.49272276,15.75,717
0.1367,85.05,11.08220409,4.19,667
0.1462,275.84,10.82337182,16.12,662
0.1715,116.12,10.1266311,22.32,672
0.1114,262.45,12.61153775,17.54,732
0.1304,674.27,11.8493977,4.89,697
0.1304,202.28,11.15625052,10.77,677
0.1336,541.89,11.05089001,16.69,702
0.1715,857.46,12.30951332,12.7,672
0.1114,262.45,10.71441777,6.93,722
0.1336,677.36,11.7829526,15.16,682
0.1209,266.06,11.33857208,9.87,702
0.1525,869.7,12.20607265,9.49,682
0.1367,850.44,11.60823564,23.05,702
0.1588,701.96,11.28978191,0.98,697
0.1683,302.33,11.00209984,14.68,682
0.1525,869.7,11.7905572,11.74,707
0.1778,901.06,11.28978191,12.99,672
0.0938,127.91,11.69524702,6.46,727
0.1304,168.57,10.29200994,20.38,672
0.1272,268.48,10.51867319,14.4,707
0.1304,539.42,11.21182037,6.11,697
0.1178,165.55,9.998615898,2.07,702
0.1209,665.15,12.57764999,10.06,712
0.143,257.43,10.75798798,22.85,677
0.1304,337.14,10.83958091,12.8,707
0.1493,311.68,10.30895266,10.72,662
0.1272,268.48,10.77895629,18.5,677
0.1336,845,11.98292909,7.91,712
0.1178,264.88,10.73639668,11.74,702
0.1336,541.89,11.91839057,24.55,682
0.1525,869.7,10.71441777,13.73,697
0.1557,559.13,10.6454249,6.83,707
0.143,154.46,10.38899537,19.5,687
0.0938,95.94,11.22524339,1.36,727
0.1241,334.11,10.59663473,9.51,692
0.1083,365.78,12.76569986,9.43,717
0.1462,189.64,10.08580911,20.45,672
0.16,114.27,9.798127037,20.2,662
0.143,252.28,11.08214255,8.22,667
0.1284,773.22,11.49276357,22.77,712
0.1221,186.57,10.91508846,4.36,702
0.0932,319.47,11.00209984,19.58,757
0.1947,479.66,11.42954386,24.4,662
0.1568,350.02,11.22524339,8.83,677
0.1474,538.78,11.15625052,24.89,672
0.1189,397.97,11.28978191,19.63,722
0.1695,534.41,11.48600638,5.02,677
0.1253,138.89,10.16600565,22.7,677
0.1284,268.95,10.81977828,22.22,697
0.1379,340.76,10.858999,21.99,682
0.1474,207.23,10.6454249,22.17,702
0.1505,277.53,10.89858946,14.91,667
0.16,235.56,10.94022444,21.53,727
0.1189,265.32,11.00209984,19.52,702
0.1505,329.57,10.96301245,12.31,707
0.1221,183.24,10.23981692,5.53,722
0.1095,392.57,13.01700286,8.49,737
0.1474,103.62,10.1266311,14.16,712
0.1347,182.34,10.10659165,23.36,692
0.1347,169.62,10.12647109,9.65,687
0.1505,374.67,11.33857208,12.79,697
0.1537,139.39,10.08580911,18.35,682
0.1695,178.14,10.16585182,2.91,667
0.1726,250.49,10.37349118,12.26,667
0.1253,334.67,11.64395373,15.39,722
0.1379,511.14,12.68233167,9.98,722
0.1474,241.76,10.48010092,19.38,672
0.08,282.03,11.51292546,23.9,777
0.1347,169.62,9.392661929,9.9,697
0.1663,532.05,11.64395373,21.95,672
0.167,426.02,11.26446411,9.62,672
0.1189,497.46,11.40756495,17.11,712
0.1316,337.71,11.15625052,19.7,692
0.1316,189.12,10.49127422,22.6,712
0.1505,520.37,10.59663473,12.42,677
0.1253,267.73,10.81977828,21.29,697
0.16,175.79,10.66886237,13.12,682
0.1284,336.18,10.84642022,21.64,712
0.1505,173.46,10.71441777,9.52,697
0.1474,518.06,11.25803322,22.42,687
0.1189,497.46,10.69648007,17.65,727
0.1284,294.16,11.56171563,18.01,682
0.1347,407.08,11.46167427,17.36,702
0.1442,412.6,10.80972795,13.79,717
0.1126,123.24,11.22524339,11.6,712
0.1568,210.01,11.35040654,7.85,677
0.1379,511.14,11.22524339,14.64,712
0.16,84.38,11.15625052,0.93,702
0.1189,397.97,11.35040654,7.31,722
0.1189,497.46,11.22524339,19.17,717
0.1158,495.21,11.69524702,14.65,732
0.1347,101.77,11.00209984,17.68,692
0.1853,546.27,11.98292909,11.27,677
0.1821,507.62,11.2708539,16.45,662
0.1947,295.18,10.76896908,18.18,667
0.16,168.76,11.00209984,13.8,667
0.1568,336.02,10.30895266,10.12,672
0.1474,345.37,11.00209984,7.6,682
0.1821,362.59,10.91501573,13.46,687
0.1284,336.18,11.54248427,2.9,722
0.1442,275.07,11.06272446,5.65,707
0.2011,260.53,10.30895266,10.44,667
0.0963,385.14,11.28978191,7.41,767
0.1695,890.68,12.20607265,4.33,762
0.1379,204.46,11.58524613,12.02,682
0.1347,508.84,11.26446411,6.71,717
0.1411,342.29,11.28983191,9.34,692
0.1758,539.13,10.65725935,9.91,677
0.1758,345.05,10.96819829,23.11,677
0.1916,551.05,11.51292546,2.96,717
0.1316,270.17,10.77895629,4.42,707
0.1411,171.15,10.12679109,5.62,682
0.1663,532.05,10.727663,4.45,677
0.0932,127.79,11.51292546,10.78,737
0.1568,315.02,10.20359214,8.53,682
0.1537,174.24,10.95954023,18.99,677
0.1221,333.15,11.62621844,7.02,732
0.1411,483.49,11.15625052,19.05,692
0.1505,693.83,11.04611673,6.68,717
0.1884,109.74,10.30895266,23.36,662
0.1347,54.28,12.61153775,6.72,677
0.1411,171.15,10.6454249,13.71,692
0.1411,143.77,11.08312668,14.24,682
0.1189,72.97,10.30895266,17,717
0.1726,178.93,10.09410791,3.27,697
0.16,105.48,9.998615898,13.2,677
0.1253,281.12,10.81977828,9.53,717
0.1884,182.89,11.38509209,4.57,687
0.1379,170.38,10.1266311,22.18,692
0.1411,684.58,11.54034606,4.34,727
0.1461,206.86,10.91508846,18.98,717
0.1474,103.62,9.852194258,2.21,702
0.1663,88.68,10.48391386,1.51,707
0.1695,342.02,11.21187442,15.24,667
0.1537,69.7,9.998797732,3.22,702
0.1474,66.49,9.287301413,20.33,687
0.1568,700.04,11.87756858,12.61,737
0.1947,332.07,10.48574786,12.27,662
0.1442,343.83,10.81977828,22.22,702
0.1411,136.92,10.81985828,9.96,677
0.1663,99.32,9.61580548,16.48,667
0.1695,213.77,10.46310334,4.8,692
0.1568,210.01,10.81977828,5.64,742
0.1442,375.63,10.6454249,19.29,692
0.1442,240.68,11.51292546,3.18,732
0.0963,513.51,13.01700286,9.66,777
0.1411,71.89,9.998797732,0,727
0.1505,312.23,10.43399815,16.45,682
0.1284,504.27,10.59663473,22.71,717
0.179,216.6,10.81977828,6.6,677
0.1695,267.21,10.59653473,21.57,672
0.1379,302.42,11.37939407,24.99,692
0.1568,210.01,11.40756495,8.28,667
0.1347,118.73,9.61580548,17.28,727
0.1632,335.48,11.08220409,9.43,712
0.1663,287.31,10.91501573,22.71,667
0.1221,239.87,10.27505111,15.77,722
0.1347,376.55,10.96819829,21.27,737
0.1663,336.97,11.12732181,9.25,682
0.16,175.79,11.51292546,22.22,672
0.1505,291.41,11.22524339,7.12,687
0.1411,82.15,10.858999,11.28,677
0.1537,522.7,11.35035948,4.04,702
0.1663,177.35,9.852194258,17.68,662
0.2011,91.19,9.305650552,3.16,667
0.1726,35.79,9.903487553,3,682
0.1758,170.73,9.61580548,11.68,707
0.179,541.5,11.46163217,0.8,687
0.1568,280.02,11.39639165,12.08,677
0.1442,85.96,9.852194258,24,672
0.179,541.5,11.14186178,17.17,702
0.1411,171.15,10.03120068,22.76,717
0.1221,799.56,12.20609265,17.97,722
0.1284,201.71,11.35040654,12.16,707
0.1505,503.03,10.07693653,5.75,697
0.1568,350.02,11.87756858,1.26,692
0.1379,340.76,11.13453063,13.82,707
0.1347,576.69,10.96280446,22.32,717
0.2011,65.14,9.903487553,2.4,667
0.1411,85.58,10.25765937,7.37,732
0.1474,207.23,10.2646524,1.34,707
0.1947,184.49,9.210340372,0,682
0.1726,53.68,9.586582621,5.27,687
0.1253,240.96,10.81977828,0.6,717
0.1916,293.9,10.57704408,13.19,677
0.1632,670.96,10.6359516,17.16,692
0.1284,504.27,11.40756495,4.29,727
0.1726,715.69,11.35040654,17.08,727
0.16,87.9,8.672999643,5.13,672
0.1821,184.02,10.08580911,6.85,672
0.1537,348.47,11.1420067,11.01,687
0.1505,520.37,10.66886237,11.58,687
0.1379,425.95,11.15625052,16.73,697
0.1758,898.55,10.91508846,3.56,697
0.16,116.02,10.75790288,0.89,662
0.1632,352.26,11.57119437,2.9,707
0.16,175.79,9.952277717,14,682
0.1568,42.01,10.59663473,20.58,662
0.1347,118.73,10.14643373,24.24,692
0.08,338.43,11.55214618,16.13,792
0.1695,178.14,10.81977828,20.86,667
0.1663,514.32,11.35977429,23.01,667
0.1537,871.16,12.03765399,0.61,707
0.1474,552.59,11.39863632,3.63,732
0.1474,48.36,10.20359214,3.42,682
0.1758,790.73,12.26434155,20.46,667
0.0768,262.01,11.8493977,14.2,712
0.0768,374.29,11.22524339,20.74,727
0.1284,251.3,9.952277717,16.17,702
0.1442,412.6,11.22524339,15.31,692
0.1474,34.54,11.03488966,1.49,702
0.1442,515.74,11.77535127,12.82,697
0.2011,735.06,13.30468493,14.39,672
0.1505,329.57,11.69524702,7.3,672
0.1632,127.13,9.798127037,1.13,702
0.0737,279.41,10.71441777,15.95,737
0.1474,518.06,11.22524339,15.49,677
0.1347,339.23,11.28978191,14.2,692
0.1284,168.09,10.81977828,8.66,737
0.2011,130.27,10.81977828,15.65,672
0.1663,115.28,8.987196821,6.3,707
0.1695,249.39,10.59653473,11.22,682
0.1474,259.03,9.903487553,15.54,692
0.1316,185.74,9.952277717,19.2,677
0.1979,370.57,11.90496755,11.58,662
0.1474,435.17,11.15625052,18.77,687
0.0963,224.66,10.1266311,21.36,732
0.16,70.32,10.1266311,18.72,687
0.1379,204.46,10.59663473,0.3,722
0.1505,180.4,10.12647109,5.95,692
0.1316,149.44,11.26446411,15.83,697
0.0963,208.62,10.82774645,14.81,737
0.1853,233.08,9.809176873,0.99,667
0.2011,186.09,10.96819829,11.01,677
0.1347,271.39,11.25161265,7.84,697
0.1663,212.82,11.37939407,9.17,662
0.1758,74.58,9.903487553,18.36,677
0.1474,863.42,11.69524702,24.18,697
0.1505,131.83,10.55059079,12.19,712
0.1095,147.22,11.06663836,7.52,732
0.1284,336.18,10.83958091,20,702
0.0768,405.48,10.73630972,23.64,712
0.1411,246.45,10.4341158,19.91,702
0.1442,859.57,12.54254488,5.58,737
0.1316,185.74,10.59653473,20.79,687
0.1126,164.32,11.21182037,17.94,717
0.1284,141.2,10.73639668,18.37,702
0.1158,184.88,11.19821472,3.4,712
0.1221,266.52,11.31260693,6.03,712
0.1347,288.35,10.21464198,20,687
0.1316,135.09,9.852194258,24.25,682
0.1347,220.5,10.13399909,19.44,722
0.1565,160.07,11.15625052,14.31,682
0.1884,146.31,10.86513399,17.16,682
0.1442,330.08,11.08214255,17.34,687
0.0932,223.63,10.95954023,22.04,737
0.16,210.95,10.45966888,15.62,662
0.1316,168.86,10.68464561,14.15,677
0.1316,135.09,10.49127422,3.67,677
0.1221,333.15,11.15619338,15.82,707
0.1316,540.33,12.67608877,1.72,722
0.1316,363.03,11.35040654,7.45,702
0.1253,174.03,11.15625052,9.48,692
0.1442,137.54,10.59663473,22.32,707
0.1095,107.96,11.28616287,23.17,722
0.1284,268.95,11.21187442,13.83,722
0.1253,502,11.08214255,14.7,722
0.1253,361.44,11.35040654,1.37,732
0.1158,79.24,10.1266311,19.54,727
0.1442,464.17,11.69524702,23.39,682
0.1474,690.74,12.01609788,12.38,682
0.1474,103.62,11.03495418,22.08,662
0.1379,85.19,10.49127422,19,707
0.1347,210.32,11.47210347,7.13,707
0.1379,238.53,10.9331784,22.28,732
0.1739,35.85,10.1266311,3.02,672
0.1411,239.61,10.81977828,21.67,677
0.1411,102.69,9.392661929,5.1,672
0.1442,326.64,10.95080655,15.07,672
0.1537,167.27,11.23848862,12.77,672
0.1253,602.4,11.51292546,3.66,717
0.1253,267.73,10.91508846,16.25,717
0.1253,742.95,11.75981679,20.61,717
0.0768,31.2,11.75978554,14.31,792
0.1347,220.5,10.57131693,17.69,727
0.1095,163.57,11.51292546,11.27,727
0.1347,149.26,10.54534144,19.11,672
0.1189,99.5,10.75790288,24.59,702
0.1189,49.75,10.26548829,16.29,692
0.1284,336.18,11.53272809,8,707
0.1411,684.58,11.31447453,13.21,697
0.1347,135.7,10.858999,16.71,677
0.1221,59.97,10.40426284,1.93,687
0.1347,488.49,11.54248427,8.63,687
0.1221,166.58,11.47210347,6.4,707
0.1158,313.63,11.00209984,7.14,732
0.1158,99.05,10.91508846,7.55,712
0.1158,99.05,9.798127037,22.27,727
0.1537,69.7,9.61580548,1.28,672
0.1284,285.76,10.59663473,18.65,707
0.1442,773.61,12.3327053,15.11,702
0.1221,239.87,10.34174248,0.46,722
0.1442,859.57,11.15625052,14.61,712
0.1253,40.16,11.60823564,5.05,707
0.1347,339.23,12.5425306,16.82,702
0.1474,234.85,10.6454249,24.6,672
0.16,193.37,10.51867319,16.61,667
0.1284,168.09,10.30895266,12.8,717
0.0963,128.38,11.59906646,24.5,722
0.1189,530.63,11.1124479,21.62,727
0.1442,41.26,11.08992755,14.49,672
0.1411,136.92,11.09437512,16.63,687
0.1221,199.89,12.3883942,13.13,692
0.1442,68.77,10.27505111,1.61,697
0.1221,199.89,10.81977828,0.79,737
0.1979,787.46,11.28978191,19.2,692
0.1442,51.58,11.00209984,13.54,697
0.16,175.79,10.83368119,5.82,677
0.1853,500.74,11.00209984,3.84,677
0.1411,513.44,12.23442684,23.46,697
0.1284,168.09,10.30895266,13.8,687
0.1253,368.13,10.89673933,11.36,712
0.1411,470.65,11.56171563,13.97,687
0.1253,803.19,11.55022125,3.79,727
0.1158,330.14,10.71441777,21.87,712
0.1979,296.46,11.35040654,9.94,692
0.1158,825.34,12.20607265,4.85,762
0.1821,174.05,10.59563423,13.27,667
0.1253,836.66,11.42954386,18.43,727
0.1284,268.95,10.75790288,14.17,687
0.1411,410.75,11.30220443,9.97,672
0.1411,51.35,10.46321762,6.1,677
0.1537,320.59,11.57119437,5.48,692
0.1505,249.78,10.57131693,18.98,677
0.1632,423.77,10.71441777,13.6,667
0.1758,359.42,11.56171563,15.89,662
0.1322,405.61,10.89673933,20.91,697
0.1632,670.96,11.46163217,20.7,667
0.1505,867.29,11.44035477,1.69,737
0.1442,343.83,10.57131693,11.91,682
0.1442,275.07,10.46310334,8.4,692
0.1253,167.34,10.81977828,15.58,707
0.1322,169.01,11.28978191,11.85,687
0.0963,89.87,10.57131693,21.17,717
0.1505,173.46,11.58988651,8.2,662
0.1505,333.04,11.28978191,24.27,667
0.1183,497.01,12.1547583,16.26,767
0.1411,171.15,10.46310334,16.87,677
0.1758,646.96,10.77895629,13.82,677
0.1379,545.21,11.63558548,18.34,692
0.1979,555.86,12.94800999,8.76,682
0.1379,153.34,10.98549609,18.83,667
0.179,252.7,9.942708266,14.08,677
0.1442,103.15,9.392661929,4.7,702
0.16,878.94,12.40901349,17.93,692
0.1284,336.18,12.24047407,3.74,697
0.1126,249.77,11.43496392,2.98,727
0.1379,109.05,10.95080655,15.16,682
0.1347,364.67,10.23995979,16.54,697
0.1461,689.51,11.91839057,16.8,722
0.1496,131.66,10.20359214,4.44,702
0.1221,399.78,10.81977828,24.74,737
0.1126,164.32,9.685977478,11.93,717
0.1726,143.14,10.30895266,8.96,717
0.1632,367.26,11.09741002,8.87,667
0.1568,875.04,11.92503512,12.96,717
0.2011,902.54,11.91839057,15.19,687
0.1221,319.83,11.48246626,23.72,712
0.1189,348.23,11.06264603,11.2,722
0.1442,111.75,11.0806029,24.73,682
0.1287,336.34,10.81977828,20.69,702
0.1148,417.88,10.63585545,16.07,737
0.2017,55.88,10.57131693,17.32,677
0.1218,166.5,11.91839057,20.18,702
0.1287,465.82,10.6561293,21.14,702
0.1392,512.06,11.33857208,11.95,702
0.0859,63.23,10.04324949,5.63,737
0.1322,475.75,11.55760242,23.71,692
0.1982,166.83,10.85892207,23.52,682
0.1287,672.67,11.60823564,23.4,717
0.1461,549.88,10.79507567,21.45,687
0.1183,314.78,10.91508846,13.7,732
0.1496,388.04,10.75790288,16.09,687
0.1183,331.34,11.27720313,22.98,717
0.1357,244.58,10.54275916,16.31,682
0.167,248.51,10.95080655,0.21,672
0.1913,691.27,11.6784399,20.82,682
0.16,263.68,11.45105006,11.53,672
0.1426,343.06,11.56171563,15.92,687
0.1704,120.41,10.1266311,22.75,677
0.1253,669.33,11.39751461,18.36,727
0.1531,348.16,10.6454249,17.45,687
0.1565,314.88,10.51856508,16.35,677
0.1218,179.82,11.09011072,18.42,712
0.1253,669.33,10.78931908,21.06,727
0.1253,669.33,11.03488966,6.89,732
0.1739,716.95,11.7829526,17.68,672
0.1357,169.85,10.6214249,18.53,712
0.1426,171.53,10.55302239,19.99,707
0.1496,623.61,12.61153775,16.76,767
0.1287,201.8,11.3736634,9.09,712
0.1114,403.49,11.35040654,23.1,762
0.1496,97.01,9.708931458,16.18,677
0.1461,172.38,10.30226367,20.21,667
0.1774,180.11,10.96812932,2.05,687
0.1531,121.86,11.15619338,17.52,682
0.1392,170.69,10.46310334,3.22,682
0.1392,682.74,11.46163217,24.97,712
0.1114,98.42,10.61643736,20.94,732
0.1496,692.9,11.22524339,0.98,682
0.1392,409.65,10.50506754,18.74,682
0.1565,41.99,10.59653473,12.33,667
0.1392,512.06,11.18976142,16.68,697
0.1843,727.4,11.75587164,1.77,752
0.1843,290.96,11.51292546,24.55,672
0.1218,199.8,10.6454249,6.54,702
0.1739,215.09,12.22098096,3.04,687
0.1531,121.86,11.55218464,19.19,662
0.2052,681.19,13.01700286,14.1,697
0.1809,542.93,11.26446411,20.42,712
0.1322,40.57,10.0762637,8.78,682
0.1392,512.06,11.98292909,13.47,692
0.1287,100.9,9.629050707,13.58,712
0.1461,379.23,10.1266311,10.03,677
0.1183,662.68,11.72212424,19.22,737
0.1426,120.08,11.35035948,17.89,672
0.1148,464.86,10.58354949,14.65,722
0.1392,238.96,10.30895266,3.6,692
0.1392,204.83,9.952277717,7.6,707
0.1809,723.91,11.18731997,24.13,692
0.1461,258.57,11.2515607,12,672
0.1496,173.23,10.71441777,20.67,662
0.1461,189.62,10.73639668,4.02,722
0.2017,745.01,12.3883942,6.46,697
0.1392,119.48,11.28978191,0.6,702
0.16,369.16,11.45100751,17.8,662
0.1392,409.65,11.28978191,8.36,717
0.16,79.99,11.51292546,24.6,702
0.1392,273.1,10.50506754,7.33,722
0.1739,358.48,12.20607265,10.8,687
0.1531,278.53,11.05879518,17.37,667
0.1287,67.27,11.08980542,4.03,687
0.1357,489.15,11.00209984,18.18,692
0.1253,435.07,12.48370438,10.06,707
0.1531,69.64,11.1844214,21.2,667
0.1461,172.38,10.89673933,12.38,717
0.1287,336.34,11.51288546,15.29,707
0.1183,132.54,10.71441777,1.57,727
0.1322,243.37,10.82804224,12.62,692
0.1565,839.67,12.69158046,5.32,682
0.1565,874.66,11.75978554,21.02,692
0.2086,940.14,12.56994115,18.64,682
0.1531,174.08,10.49127422,3.23,667
0.1253,100.4,11.69524702,3.48,702
0.1322,261.96,10.71441777,17.6,702
0.1287,141.26,10.08580911,7.15,732
0.2086,827.33,12.30138283,10.81,667
0.1357,543.5,12.0076461,6.67,732
0.1982,926.83,11.60823564,16.2,737
0.1287,100.9,10.67581553,14.02,707
0.1704,535.12,11.40756495,20.44,662
0.1357,475.56,11.04132055,19.25,707
0.1287,67.27,9.729134165,6.64,722
0.1461,103.43,10.49127422,22.13,667
0.1426,171.53,11.22251969,9.56,682
0.1947,405.87,10.81985828,3.17,672
0.1461,258.57,11.45143297,23.88,672
0.1287,840.83,11.00209984,13.18,732
0.16,527.36,11.46167427,12.04,667
0.1704,713.49,12.86099861,6.18,667
0.1531,292.45,11.22524339,13.44,677
0.1357,679.37,11.00209984,21.22,712
0.1531,522.23,11.32664408,5.39,677
0.1843,363.7,11.09741002,9.24,697
0.1357,611.44,11.49272276,6.27,702
0.1913,881.3,11.55166529,16.52,672
0.1183,828.35,12.4292162,15.7,757
0.1287,168.17,12.59473064,9.27,692
0.0894,127.09,11.28978191,15.31,727
0.1982,926.83,11.58710486,20.28,687
0.16,210.95,10.81977828,13.75,662
0.0894,317.72,11.6784399,7.03,737
0.1461,861.88,11.69524702,0.24,717
0.1322,67.61,10.59663473,24.54,677
0.1947,553.45,10.74073508,4.6,752
0.1114,393.65,11.69524702,15.35,737
0.1183,256.79,10.73630972,13.31,722
0.1322,540.81,11.08214255,16.83,707
0.167,568.03,11.91839057,15.7,687
0.1322,794.32,10.858999,19.62,717
0.1496,346.45,11.01862914,16.19,672
0.1565,279.89,10.91508846,9.21,667
0.1704,178.38,9.903487553,0.6,687
0.16,175.79,11.26070062,22.9,672
0.1322,169.01,10.26813067,5.46,697
0.1635,169.58,10.81977828,6.96,732
0.1287,252.25,10.54323396,15.08,697
0.1461,110.33,10.24131601,21.19,677
0.2121,94.47,11.37641822,5.21,687
0.0859,47.42,10.66895539,14.6,727
0.1357,81.53,11.40756495,11.43,692
0.1392,102.42,9.574983486,9.31,687
0.1913,183.61,10.94199592,22.73,672
0.1218,133.2,11.15625052,22.75,697
0.1287,840.83,10.73639668,17.82,727
0.1357,169.85,11.12136326,8.77,727
0.0859,237.08,10.96819829,24.66,752
0.2052,187.14,12.08953883,0.17,707
0.1426,494.01,11.15625052,24.41,687
0.0859,31.62,11.69524702,12.05,807
0.1148,276.94,11.47210347,15.16,727
0.1531,69.64,10.30895266,2.56,702
0.1531,149.71,11.05643019,5.13,672
0.16,852.57,11.5228758,24.84,682
0.1218,333,11.09741002,12.45,712
0.16,281.26,10.85127695,20.26,677
0.2121,340.06,11.40756495,10.24,682
0.1843,881.97,12.30138283,16.71,727
0.1774,871.71,11.51292546,0.22,727
0.0859,158.06,11.51292546,19.08,737
0.1947,885.52,11.26446411,12.14,682
0.1461,78.44,10.7254676,19.94,667
0.1565,87.47,9.878169745,5.29,717
0.1287,538.14,11.58988651,22.31,712
0.1496,83.15,10.16585182,19.62,687
0.1287,67.27,10.86696717,10.49,687
0.1565,174.94,10.34415892,23.48,662
0.1392,102.42,9.773834344,5.87,732
0.1531,522.23,11.60823564,11.18,697
0.1531,167.12,11.48834585,6.27,662
0.1565,314.88,10.08580911,10.35,662
0.1287,100.9,11.40756495,1.65,687
0.167,710.03,11.28978191,23.41,677
0.16,878.94,11.69524702,20.15,742
0.1774,172.91,9.546812609,9.51,692
0.16,316.42,11.47626148,16.07,667
0.1878,913.63,11.73606902,18.59,697
0.1322,219.71,10.77895629,18.25,707
0.1392,327.72,11.08214255,13.51,687
0.0894,111.21,12.69207904,9.73,727
0.1392,512.06,11.9511804,19.35,687
0.1357,203.82,9.980448594,3.89,712
0.2121,188.93,11.00209984,0.36,662
0.1774,900.53,12.70684793,13.19,732
0.1531,139.27,10.55581274,8.34,667
0.1148,403.87,11.59945172,12.34,727
0.1357,679.37,11.51292546,14.6,707
0.1531,174.08,11.22364211,8.06,707
0.1183,165.67,9.903487553,16.74,717
0.1878,913.63,11.28978191,11.64,702
0.1287,840.83,11.28978191,11.38,717
0.1322,270.41,11.32297488,9.5,732
0.1287,639.04,11.28978191,21.3,722
0.1322,253.51,10.33136626,16.51,687
0.1565,139.95,10.63585545,9.95,727
0.1322,371.81,10.77895629,20.38,702
0.1565,188.93,10.61643736,3.71,662
0.0859,379.33,12.01370075,10.21,807
0.1287,336.34,10.93310697,16.22,712
0.1148,428.59,11.22524339,15.44,732
0.1218,59.94,10.37349118,10.31,712
0.1843,363.7,11.05089001,15.58,717
0.1357,254.77,11.04802877,3.38,692
0.1913,918.02,11.14908203,17.56,802
0.1704,256.86,12.25486281,17.94,687
0.1461,517.13,11.51292546,11.12,682
0.1531,167.12,10.74103806,22.62,662
0.1348,678.49,11.06663836,4.29,727
0.1114,32.81,10.97934285,14.62,717
0.1426,411.67,11.40756495,16.4,712
0.1253,481.92,12.61153775,3.76,717
0.1565,209.92,10.858999,22.45,667
0.1357,203.82,11.08214255,8.81,692
0.1218,333,11.69524702,8.71,717
0.1565,848.42,10.62132735,10.86,722
0.1426,171.53,10.69194491,8.89,707
0.1565,419.84,11.35040654,23.89,692
0.0774,156.1,12.4874851,11.09,762
0.1531,174.08,10.59663473,21.99,662
0.2086,300.85,11.54853389,17.12,667
0.1774,900.53,12.56024446,15.12,677
0.1461,330.97,11.47210347,10.45,682
0.1357,407.63,10.90824693,13.77,727
0.1496,346.45,10.71441777,17.79,672
0.1287,504.5,11.1844214,18.25,702
0.1148,725.31,11.47210347,19.98,807
0.1114,498.62,11.46163217,14.5,762
0.1426,144.09,10.49127422,24.7,682
0.1531,208.9,10.71441777,21.95,677
0.1253,200.8,11.40756495,7.56,697
0.1253,836.66,11.53272809,23.74,727
0.1461,172.38,10.51867319,6.36,667
0.1739,172.07,11.60823564,13.76,667
0.1114,328.04,10.30895266,10.52,737
0.1253,167.34,11.87756858,8.5,702
0.1426,411.67,10.6454249,9.14,677
0.1496,415.74,10.65725935,12.42,697
0.1496,424.41,10.91508846,21.36,672
0.1461,517.13,11.3083583,18.2,682
0.1148,453.32,10.83958091,21.79,722
0.1531,348.16,10.858999,19.48,707
0.1148,32.97,11.40645322,20.5,732
0.1253,284.47,10.59663473,15.6,702
0.1322,331.25,10.46310334,13.06,702
0.16,351.58,11.32659589,16.99,677
0.1287,322.88,10.89951325,15.38,712
0.1392,409.65,11.88448902,23.26,707
0.1461,124.12,10.23995979,0,692
0.1565,332.37,10.71441777,18.72,667
0.16,527.36,11.07045918,12.89,672
0.167,284.02,10.77895629,0.72,712
0.1565,524.8,11.28978191,17.27,737
0.1148,395.63,11.23848862,5.1,737
0.1392,170.69,10.30895266,10.8,702
0.1218,299.7,9.980448594,6.17,737
0.1913,367.21,10.49127422,17.4,682
0.1392,682.74,11.60823564,18.57,692
0.1531,87.04,10.32088123,22.81,672
0.167,177.51,10.49127422,2.67,692
0.16,351.58,11.01862914,8.79,702
0.1218,299.7,10.858999,16.25,717
0.1739,716.95,11.56171563,21.58,667
0.167,511.22,10.91508846,16.97,712
0.1287,807.2,11.56171563,19.06,717
0.1426,514.59,11.51292546,9.65,682
0.16,275.99,10.42228135,17.18,662
0.1218,159.84,11.53272809,17.21,697
0.1565,586.02,11.40756495,22.09,697
0.1739,537.71,10.91508846,5.78,767
0.2052,898.27,11.73606902,16.62,762
0.1114,152.54,9.980448594,22.11,722
0.0894,444.81,11.22524339,20.18,747
0.1287,168.17,12.4292162,7.55,697
0.1878,146.18,10.49127422,19.2,677
0.1148,659.37,11.76998337,17.4,757
0.0894,54.02,9.655026193,24.15,727
0.1287,622.22,11.26061054,18.24,737
0.16,87.9,10.18111929,5.82,662
0.1461,168.93,10.5789798,2.63,667
0.1635,379.79,12.07254125,17.74,722
0.1496,97.88,10.79020528,13.6,677
0.167,639.03,11.77528973,19.1,687
0.1645,176.89,10.73639668,10.75,672
0.1496,138.58,9.92329018,4.76,672
0.1913,110.17,9.980448594,5.33,672
0.1496,692.9,12.34583459,10.12,687
0.209,526.73,10.91508846,13.81,662
0.1357,254.77,10.53209621,13.02,687
0.1496,225.2,11.69524702,9.66,667
0.1496,86.62,11.35040654,11.21,667
0.1531,167.12,10.95619516,24.39,667
0.1287,336.34,11.56347598,5.59,732
0.1357,339.69,10.37349118,22.95,687
0.1774,432.26,10.27642947,11.36,682
0.1774,86.46,10.81977828,12.02,677
0.1704,231.89,11.15625052,20.81,672
0.1635,211.98,9.798127037,10.6,667
0.1357,823.74,12.20607265,14.3,722
0.1287,67.27,10.13459927,13.24,682
0.1461,172.38,10.30895266,4.4,697
0.1843,727.4,11.65268741,5.25,662
0.1426,514.59,11.28978191,17.86,782
0.1843,436.44,10.37349118,0,667
0.1392,136.55,10.34174248,13.24,682
0.1183,480.45,11.40756495,17.81,712
0.1531,870.39,11.91839057,22.7,762
0.1635,169.58,10.56617553,5.35,692
0.1183,331.34,11.08214255,23.54,722
0.1426,267.59,9.878169745,15.45,707
0.1496,554.32,11.15625052,17.06,692
0.1218,666,11.61728548,11.78,737
0.1531,87.04,11.91839057,22.82,667
0.1392,474.51,11.17605315,24.05,717
0.167,461.52,11.61186541,11.7,667
0.1461,744.67,12.3883942,13.86,697
0.1287,121.08,10.08580911,3.4,707
0.1322,338.01,11.28978191,16.84,697
0.1322,253.51,10.70324447,22.52,702
0.1218,466.2,10.73630972,5.32,727
0.1287,67.27,10.08580911,20.45,687
0.1287,840.83,11.28978191,12.97,732
0.1357,679.37,10.30895266,9.44,712
0.1218,199.8,10.40426284,4.51,727
0.1253,384.87,11.00209984,11.56,722
0.1136,213.93,10.7342204,2.43,702
0.1607,281.56,11.22524339,20.56,677
0.0988,233.53,11.73606902,7.97,727
0.1273,671.33,11.22524339,18.74,722
0.1062,390.72,11.58988651,13.68,737
0.1719,536.2,11.98292909,19.94,662
0.1062,398.86,11.15625052,24.27,717
0.1843,691.03,11.12726298,20.12,662
0.1533,362.22,11.12726298,24.78,682
0.1422,102.86,10.93310697,24.32,717
0.1947,922.42,11.56171563,19.81,662
0.1311,134.98,10.29552964,2.35,682
0.0788,437.93,11.82041016,15.87,757
0.157,840.26,12.18075484,11.42,702
0.1062,146.52,10.62132735,7.02,707
0.1099,98.21,11.08214255,19.57,687
0.1099,425.56,11.57119437,16.36,722
0.2017,149.01,10.59663473,12.39,677
0.1273,335.67,10.40426284,19.05,702
0.1533,870.71,11.85651517,23.82,707
0.1136,625.32,10.98529272,8.95,732
0.1496,831.52,12.76568843,11.38,717
0.1348,542.79,12.61153775,3.12,737
0.1607,114.38,10.64998591,16.64,672
0.1422,244.28,11.56171563,0.7,687
0.1533,870.71,11.8493977,23.81,712
0.1311,192.35,11.00209984,5.72,692
0.1025,323.85,11.17043516,13.98,732
0.1348,468.16,10.97287698,15.16,702
0.1311,236.22,10.85707407,13.11,687
0.1348,271.4,11.19821472,12.44,682
0.0788,78.21,10.81977828,20.38,732
0.157,262.59,10.66895539,21.35,662
0.1607,147.82,9.862665558,16.19,667
0.1607,87.99,10.77895629,14.2,667
0.2164,729.7,11.87756858,8.63,667
0.1459,137.86,10.08580911,1.15,732
0.1348,508.87,11.73606902,16.85,707
0.1311,337.45,10.69194491,23.62,702
0.1385,545.67,11.77528973,10.8,697
0.1533,870.71,11.84222921,16.16,707
0.1311,674.9,12.29225034,9.94,717
0.1385,136.42,11.00209984,18.18,677
0.1025,466.35,12.20607265,13.97,722
0.1533,696.57,11.80559508,17.21,682
0.1273,688.11,11.31447453,21.13,732
0.1867,547.36,11.40756495,15.76,667
0.0788,115.74,10.99909533,10.17,722
0.1348,508.87,10.93310697,17.76,717
0.1099,556.5,11.22524339,17.84,727
0.1385,511.56,12.32385568,12.33,687
0.1459,396.35,10.30895266,21.04,697
0.2164,551.08,11.00209984,24.06,662
0.1311,101.24,10.96819829,8.23,687
0.1979,37.06,10.6454249,22.17,667
0.1426,823.34,12.4292162,3.62,722
0.1671,113.63,10.6454249,28.06,672
0.1568,161.01,11.22524339,8,677
0.1565,69.98,10.11047245,7.02,662
0.1461,344.76,12.18075484,10.39,672
0.1253,257.7,11.14186178,0.21,722
0.1071,97.81,10.59663473,13.09,687
0.16,351.58,10.81977828,19.18,692
0.1392,853.43,11.26446411,16.28,732
